{
"lengthUnit": "mil",
"components": {
	"fields": ["COMPONENT_NO", "COMPONENT_NAME", "LAYER", "X_COORDINATE", "Y_COORDINATE", "ANGLE"],
	"rows": [
		[1, "BTN1", "T", 3005, 2505, 45],
		[2, "BTN2", "T", 2475, 2260, 0],
		[3, "BTN3", "T", 1960, 2510, 315],
		[4, "C1", "B", 2250, 2660, 0],
		[5, "C2", "T", 2816.14, 2464.17, 90],
		[6, "C3", "T", 2817.44, 3137.56, 90],
		[7, "C4", "T", 2195, 2620, 180],
		[8, "C5", "T", 2814.95, 2803.54, 270],
		[9, "C6", "T", 2720, 3205, 90],
		[10, "C7", "T", 2325, 3265, 180],
		[11, "C8", "T", 2155, 2870, 90],
		[12, "C9", "B", 2320, 3265, 180],
		[13, "C10", "T", 2895, 3190, 90],
		[14, "C11", "B", 2565.59, 2572.48, 270],
		[15, "C12", "B", 2643.54, 2572.87, 90],
		[16, "C13", "T", 2528.74, 3422.04, 270],
		[17, "C14", "T", 1888.82, 3155.75, 0],
		[18, "C15", "T", 2034.64, 3439.36, 225],
		[19, "C16", "T", 2470, 3420, 270],
		[20, "C17", "T", 2409.84, 3419.28, 270],
		[21, "C18", "T", 2242.66, 2515.47, 270],
		[22, "C19", "T", 2375.73, 2439.85, 180],
		[23, "C20", "B", 2245, 2580, 180],
		[24, "C21", "B", 1865, 2935, 270],
		[25, "C22", "B", 2343.11, 3066.26, 180],
		[26, "C23", "T", 3056.65, 2719.21, 0],
		[27, "CN1", "B", 1957.29, 2920.18, 90],
		[28, "D1", "T", 2840, 3390, 270],
		[29, "H9", "T", 2280, 3460, 270],
		[30, "H10", "T", 3035, 2965, 270],
		[31, "LEDG1", "T", 2525, 3570, 0],
		[32, "LEDR1", "T", 2168.53, 3231.47, 90],
		[33, "R1", "T", 2595, 3420, 270],
		[34, "R2", "T", 2661.81, 3419.28, 90],
		[35, "R3", "B", 2000, 3245, 0],
		[36, "R4", "B", 1955, 3315, 180],
		[37, "R5", "T", 2165, 3385, 270],
		[38, "R6", "T", 2070, 2780, 90],
		[39, "R7", "T", 2685.43, 2367.58, 180],
		[40, "R8", "T", 2561.67, 2544.35, 90],
		[41, "R9", "T", 3000.34, 3264.66, 90],
		[42, "R10", "T", 2921.52, 3361.63, 90],
		[43, "R11", "T", 2765, 3415, 270],
		[44, "R12", "T", 2200, 2695, 0],
		[45, "R13", "T", 2851.41, 2635.95, 180],
		[46, "R14", "T", 2511.81, 2415.35, 180],
		[47, "R15", "T", 2060, 2625, 0],
		[48, "R16", "B", 2105, 2660, 180],
		[49, "R17", "B", 2120.94, 2760.81, 180],
		[50, "R18", "B", 2120.94, 2853.51, 180],
		[51, "R19", "B", 2120, 2955, 180],
		[52, "R20", "B", 2120.94, 3048.91, 180],
		[53, "R21", "B", 2100.94, 3161.61, 180],
		[54, "R27", "T", 2051.57, 3049.21, 180],
		[55, "TP1", "T", 2679.27, 2697.7, 0],
		[56, "U4", "B", 2555, 3455, 90],
		[57, "U5", "T", 2051.33, 3219.41, 0],
		[58, "U8", "B", 2784.59, 2964.59, 270],
		[59, "U10", "T", 2485.82, 2939.76, 0],
		[60, "U12", "B", 2390.15, 2927.16, 90],
		[61, "USB1", "T", 1901.25, 2924.52, 270],
		[62, "X1", "T", 2372.26, 2542.56, 0],
		[63, "X2", "T", 2688.18, 2488.58, 180]
	]
},
"pins": {
	"fields": ["PIN_NO", "PIN_NAME", "PIN_X", "PIN_Y", "LAYER", "PIN_TYPE", "NET_NAME", "NET_TYPE", "PAD_SHAPE", "PAD_SIZEX", "PAD_SIZEY", "HOLE_SIZE", "PAD_ANGLE"],
	"rows": [
		[1, "BTN1_1", 2940.97, 2500.82, "T", "SMD", "GND", "GND", "R", 29.53, 70.87, 0, 45],
		[2, "BTN1_2", 2975.07, 2534.93, "T", "SMD", "$3N11256", "", "R", 23.62, 70.87, 0, 45],
		[3, "BTN1_3", 3009.18, 2569.03, "T", "SMD", "GND", "GND", "R", 29.53, 70.87, 0, 45],
		[4, "BTN1_6", 3059.29, 2569.03, "T", "DIP", "BTN1_6", "", "O", 23.62, 43.31, 35.43, 45],
		[5, "BTN1_6", 3059.29, 2569.03, "B", "DIP", "BTN1_6", "", "O", 23.62, 43.31, 35.43, 45],
		[6, "BTN1_6", 2940.97, 2450.71, "T", "DIP", "BTN1_A_6", "", "O", 23.62, 43.31, 35.43, 45],
		[7, "BTN1_6", 2940.97, 2450.71, "B", "DIP", "BTN1_A_6", "", "O", 23.62, 43.31, 35.43, 45],
		[8, "BTN2_1", 2426.77, 2302.32, "T", "SMD", "GND", "GND", "R", 29.53, 70.87, 0, 0],
		[9, "BTN2_2", 2475, 2302.32, "T", "SMD", "$3N2256", "", "R", 23.62, 70.87, 0, 0],
		[10, "BTN2_3", 2523.23, 2302.32, "T", "SMD", "GND", "GND", "R", 29.53, 70.87, 0, 0],
		[11, "BTN2_6", 2558.66, 2266.89, "T", "DIP", "BTN2_6", "", "O", 23.62, 43.31, 35.43, 0],
		[12, "BTN2_6", 2558.66, 2266.89, "B", "DIP", "BTN2_6", "", "O", 23.62, 43.31, 35.43, 0],
		[13, "BTN2_6", 2391.34, 2266.89, "T", "DIP", "BTN2_A_6", "", "O", 23.62, 43.31, 35.43, 0],
		[14, "BTN2_6", 2391.34, 2266.89, "B", "DIP", "BTN2_A_6", "", "O", 23.62, 43.31, 35.43, 0],
		[15, "BTN3_1", 1955.82, 2574.03, "T", "SMD", "GND", "GND", "R", 29.53, 70.87, 0, 315],
		[16, "BTN3_2", 1989.93, 2539.93, "T", "SMD", "$3N2358", "", "R", 23.62, 70.87, 0, 315],
		[17, "BTN3_3", 2024.03, 2505.82, "T", "SMD", "GND", "GND", "R", 29.53, 70.87, 0, 315],
		[18, "BTN3_6", 2024.03, 2455.71, "T", "DIP", "BTN3_6", "", "O", 23.62, 43.31, 35.43, 315],
		[19, "BTN3_6", 2024.03, 2455.71, "B", "DIP", "BTN3_6", "", "O", 23.62, 43.31, 35.43, 315],
		[20, "BTN3_6", 1905.71, 2574.03, "T", "DIP", "BTN3_A_6", "", "O", 23.62, 43.31, 35.43, 315],
		[21, "BTN3_6", 1905.71, 2574.03, "B", "DIP", "BTN3_A_6", "", "O", 23.62, 43.31, 35.43, 315],
		[22, "C1_1", 2222.44, 2660, "B", "SMD", "+3V3", "", "R", 31.5, 35.43, 0, 0],
		[23, "C1_2", 2277.56, 2660, "B", "SMD", "GND", "GND", "R", 31.5, 35.43, 0, 0],
		[24, "C2_1", 2816.14, 2436.61, "T", "SMD", "+3V3", "", "R", 31.5, 35.43, 0, 90],
		[25, "C2_2", 2816.14, 2491.73, "T", "SMD", "GND", "GND", "R", 31.5, 35.43, 0, 90],
		[26, "C3_1", 2817.44, 3110, "T", "SMD", "VCAP", "", "R", 31.5, 35.43, 0, 90],
		[27, "C3_2", 2817.44, 3165.12, "T", "SMD", "GND", "GND", "R", 31.5, 35.43, 0, 90],
		[28, "C4_1", 2222.56, 2620, "T", "SMD", "RESET#", "", "R", 31.5, 35.43, 0, 180],
		[29, "C4_2", 2167.44, 2620, "T", "SMD", "GND", "GND", "R", 31.5, 35.43, 0, 180],
		[30, "C5_1", 2814.95, 2831.1, "T", "SMD", "+3V3", "", "R", 31.5, 35.43, 0, 270],
		[31, "C5_2", 2814.95, 2775.98, "T", "SMD", "GND", "GND", "R", 31.5, 35.43, 0, 270],
		[32, "C6_1", 2720, 3177.44, "T", "SMD", "+3V3", "", "R", 31.5, 35.43, 0, 90],
		[33, "C6_2", 2720, 3232.56, "T", "SMD", "GND", "GND", "R", 31.5, 35.43, 0, 90],
		[34, "C7_1", 2352.56, 3265, "T", "SMD", "+3V3", "", "R", 31.5, 35.43, 0, 180],
		[35, "C7_2", 2297.44, 3265, "T", "SMD", "GND", "GND", "R", 31.5, 35.43, 0, 180],
		[36, "C8_1", 2155, 2842.44, "T", "SMD", "+3V3", "", "R", 31.5, 35.43, 0, 90],
		[37, "C8_2", 2155, 2897.56, "T", "SMD", "GND", "GND", "R", 31.5, 35.43, 0, 90],
		[38, "C9_1", 2347.56, 3265, "B", "SMD", "+3V3", "", "R", 31.5, 35.43, 0, 180],
		[39, "C9_2", 2292.44, 3265, "B", "SMD", "GND", "GND", "R", 31.5, 35.43, 0, 180],
		[40, "C10_1", 2895, 3162.44, "T", "SMD", "VCAP", "", "R", 31.5, 35.43, 0, 90],
		[41, "C10_2", 2895, 3217.56, "T", "SMD", "GND", "GND", "R", 31.5, 35.43, 0, 90],
		[42, "C11_1", 2565.59, 2600.04, "B", "SMD", "VDDA", "", "R", 31.5, 35.43, 0, 270],
		[43, "C11_2", 2565.59, 2544.92, "B", "SMD", "GND", "GND", "R", 31.5, 35.43, 0, 270],
		[44, "C12_1", 2643.54, 2545.31, "B", "SMD", "GND", "GND", "R", 31.5, 35.43, 0, 90],
		[45, "C12_2", 2643.54, 2600.43, "B", "SMD", "VDDA", "", "R", 31.5, 35.43, 0, 90],
		[46, "C13_1", 2528.74, 3449.6, "T", "SMD", "GND", "GND", "R", 31.5, 35.43, 0, 270],
		[47, "C13_2", 2528.74, 3394.48, "T", "SMD", "VBAT", "", "R", 31.5, 35.43, 0, 270],
		[48, "C14_1", 1861.26, 3155.75, "T", "SMD", "GND", "GND", "R", 31.5, 35.43, 0, 0],
		[49, "C14_2", 1916.38, 3155.75, "T", "SMD", "5V_USB_CHGR", "", "R", 31.5, 35.43, 0, 0],
		[50, "C15_1", 2011.41, 3416.12, "T", "SMD", "VBAT", "", "R", 37.57, 23.39, 0, 225],
		[51, "C15_2", 2057.88, 3462.59, "T", "SMD", "GND", "GND", "R", 37.57, 23.39, 0, 225],
		[52, "C16_1", 2470, 3387.14, "T", "SMD", "VBAT", "", "R", 37.57, 23.39, 0, 270],
		[53, "C16_2", 2470, 3452.86, "T", "SMD", "GND", "GND", "R", 37.57, 23.39, 0, 270],
		[54, "C17_1", 2409.84, 3386.42, "T", "SMD", "+3V3", "", "R", 37.57, 23.39, 0, 270],
		[55, "C17_2", 2409.84, 3452.14, "T", "SMD", "GND", "GND", "R", 37.57, 23.39, 0, 270],
		[56, "C18_1", 2242.66, 2543.03, "T", "SMD", "OSC32_IN", "", "R", 31.5, 35.43, 0, 270],
		[57, "C18_2", 2242.66, 2487.91, "T", "SMD", "GND", "GND", "R", 31.5, 35.43, 0, 270],
		[58, "C19_1", 2403.29, 2439.85, "T", "SMD", "OSC32_OUT", "", "R", 31.5, 35.43, 0, 180],
		[59, "C19_2", 2348.17, 2439.85, "T", "SMD", "GND", "GND", "R", 31.5, 35.43, 0, 180],
		[60, "C20_1", 2272.56, 2580, "B", "SMD", "GND", "GND", "R", 31.5, 35.43, 0, 180],
		[61, "C20_2", 2217.44, 2580, "B", "SMD", "+3V3", "", "R", 31.5, 35.43, 0, 180],
		[62, "C21_1", 1865, 2962.56, "B", "SMD", "5V_USB_CHGR", "", "R", 31.5, 35.43, 0, 270],
		[63, "C21_2", 1865, 2907.44, "B", "SMD", "GND", "GND", "R", 31.5, 35.43, 0, 270],
		[64, "C22_1", 2370.67, 3066.26, "B", "SMD", "+3V3", "", "R", 31.5, 35.43, 0, 180],
		[65, "C22_2", 2315.55, 3066.26, "B", "SMD", "GND", "GND", "R", 31.5, 35.43, 0, 180],
		[66, "C23_1", 3029.09, 2719.21, "T", "SMD", "+3V3", "", "R", 31.5, 35.43, 0, 0],
		[67, "C23_2", 3084.21, 2719.21, "T", "SMD", "GND", "GND", "R", 31.5, 35.43, 0, 0],
		[68, "CN1_1", 2011.43, 2772.54, "B", "SMD", "$3N1058", "", "R", 31.5, 51.18, 0, 90],
		[69, "CN1_2", 2011.42, 2821.75, "B", "SMD", "$3N1061", "", "R", 31.5, 51.18, 0, 90],
		[70, "CN1_3", 2011.42, 2870.97, "B", "SMD", "$3N1065", "", "R", 31.5, 51.18, 0, 90],
		[71, "CN1_4", 2011.42, 2920.18, "B", "SMD", "$3N1094", "", "R", 31.5, 51.18, 0, 90],
		[72, "CN1_5", 2011.42, 2969.39, "B", "SMD", "$3N1097", "", "R", 31.5, 51.18, 0, 90],
		[73, "CN1_6", 2011.42, 3018.6, "B", "SMD", "$3N1126", "", "R", 31.5, 51.18, 0, 90],
		[74, "CN1_7", 2011.42, 3067.82, "B", "SMD", "GND", "GND", "R", 31.5, 51.18, 0, 90],
		[75, "D1_1", 2840, 3434, "T", "SMD", "$2N18890", "", "R", 38.78, 23.62, 0, 270],
		[76, "D1_2", 2840, 3346, "T", "SMD", "GND", "GND", "R", 38.78, 23.62, 0, 270],
		[77, "H9_1", 2280, 3510, "T", "DIP", "GND", "GND", "R", 66.93, 66.93, 39.37, 270],
		[78, "H9_1", 2280, 3510, "B", "DIP", "GND", "GND", "R", 66.93, 66.93, 39.37, 270],
		[79, "H9_2", 2280, 3410, "T", "DIP", "VBAT", "", "C", 66.93, 66.93, 39.37, 270],
		[80, "H9_2", 2280, 3410, "B", "DIP", "VBAT", "", "C", 66.93, 66.93, 39.37, 270],
		[81, "H10_1", 2985, 3115, "T", "SMD", "+3V3", "", "R", 62.99, 62.99, 0, 270],
		[82, "H10_2", 3085, 3115, "T", "SMD", "GC9A01_BL", "", "C", 62.99, 62.99, 0, 270],
		[83, "H10_3", 2985, 3015, "T", "SMD", "GND", "GND", "C", 62.99, 62.99, 0, 270],
		[84, "H10_4", 3085, 3015, "T", "SMD", "GC9A01_RST", "", "C", 62.99, 62.99, 0, 270],
		[85, "H10_5", 2985, 2915, "T", "SMD", "SPI1_MOSI", "", "C", 62.99, 62.99, 0, 270],
		[86, "H10_6", 3085, 2915, "T", "SMD", "GC9A01_DC", "", "C", 62.99, 62.99, 0, 270],
		[87, "H10_7", 2985, 2815, "T", "SMD", "SPI1_SCK", "", "C", 62.99, 62.99, 0, 270],
		[88, "H10_8", 3085, 2815, "T", "SMD", "GC9A01_CS", "", "C", 62.99, 62.99, 0, 270],
		[89, "LEDG1_1", 2495.47, 3570, "T", "SMD", "GND", "GND", "R", 31.5, 31.5, 0, 0],
		[90, "LEDG1_2", 2554.53, 3570, "T", "SMD", "$1N6463", "", "R", 31.5, 31.5, 0, 0],
		[91, "LEDR1_1", 2168.53, 3200, "T", "SMD", "$1N5973", "", "R", 31.5, 31.5, 0, 180],
		[92, "LEDR1_2", 2168.53, 3262.95, "T", "SMD", "$1N5974", "", "R", 31.5, 31.5, 0, 180],
		[93, "R1_1", 2595, 3449.66, "T", "SMD", "$1N6463", "", "R", 31.75, 34.02, 0, 270],
		[94, "R1_2", 2595, 3390.34, "T", "SMD", "VBAT", "", "R", 31.75, 34.02, 0, 270],
		[95, "R2_1", 2661.81, 3389.62, "T", "SMD", "VBAT", "", "R", 31.75, 34.02, 0, 90],
		[96, "R2_2", 2661.81, 3448.94, "T", "SMD", "$1N5489", "", "R", 31.75, 34.02, 0, 90],
		[97, "R3_1", 1970.34, 3245, "B", "SMD", "GND", "GND", "R", 31.75, 34.02, 0, 0],
		[98, "R3_2", 2029.66, 3245, "B", "SMD", "$1N5967", "", "R", 31.75, 34.02, 0, 0],
		[99, "R4_1", 1984.66, 3315, "B", "SMD", "$1N5969", "", "R", 31.75, 34.02, 0, 180],
		[100, "R4_2", 1925.34, 3315, "B", "SMD", "GND", "GND", "R", 31.75, 34.02, 0, 180],
		[101, "R5_1", 2165, 3414.66, "T", "SMD", "VBAT", "", "R", 31.75, 34.02, 0, 270],
		[102, "R5_2", 2165, 3355.34, "T", "SMD", "$1N5974", "", "R", 31.75, 34.02, 0, 270],
		[103, "R6_1", 2070, 2750.34, "T", "SMD", "GND", "GND", "R", 31.75, 34.02, 0, 90],
		[104, "R6_2", 2070, 2809.66, "T", "SMD", "BOOT0", "", "R", 31.75, 34.02, 0, 90],
		[105, "R7_1", 2715.09, 2367.58, "T", "SMD", "$2N8217", "", "R", 31.75, 34.02, 0, 180],
		[106, "R7_2", 2655.77, 2367.58, "T", "SMD", "+3V3", "", "R", 31.75, 34.02, 0, 180],
		[107, "R8_1", 2561.67, 2514.69, "T", "SMD", "$2N8264", "", "R", 31.75, 34.02, 0, 90],
		[108, "R8_2", 2561.67, 2574.01, "T", "SMD", "OSC_25M", "", "R", 31.75, 34.02, 0, 90],
		[109, "R9_1", 3000.34, 3235, "T", "SMD", "ADC1_IN16", "", "R", 31.75, 34.02, 0, 90],
		[110, "R9_2", 3000.34, 3294.32, "T", "SMD", "GND", "GND", "R", 31.75, 34.02, 0, 90],
		[111, "R10_1", 2921.52, 3331.97, "T", "SMD", "ADC1_IN16", "", "R", 31.75, 34.02, 0, 90],
		[112, "R10_2", 2921.52, 3391.29, "T", "SMD", "$2N18890", "", "R", 31.75, 34.02, 0, 90],
		[113, "R11_1", 2765, 3444.66, "T", "SMD", "$2N18890", "", "R", 31.75, 34.02, 0, 270],
		[114, "R11_2", 2765, 3385.34, "T", "SMD", "VBAT", "", "R", 31.75, 34.02, 0, 270],
		[115, "R12_1", 2170.34, 2695, "T", "SMD", "+3V3", "", "R", 31.75, 34.02, 0, 0],
		[116, "R12_2", 2229.66, 2695, "T", "SMD", "RESET#", "", "R", 31.75, 34.02, 0, 0],
		[117, "R13_1", 2881.07, 2635.95, "T", "SMD", "$3N11256", "", "R", 31.75, 34.02, 0, 180],
		[118, "R13_2", 2821.75, 2635.95, "T", "SMD", "MINUS_BTN", "", "R", 31.75, 34.02, 0, 180],
		[119, "R14_1", 2541.47, 2415.35, "T", "SMD", "$3N2256", "", "R", 31.75, 34.02, 0, 180],
		[120, "R14_2", 2482.15, 2415.35, "T", "SMD", "SET_BTN", "", "R", 31.75, 34.02, 0, 180],
		[121, "R15_1", 2030.34, 2625, "T", "SMD", "$3N2358", "", "R", 31.75, 34.02, 0, 0],
		[122, "R15_2", 2089.66, 2625, "T", "SMD", "PLUS_BTN", "", "R", 31.75, 34.02, 0, 0],
		[123, "R16_1", 2134.66, 2660, "B", "SMD", "+3V3", "", "R", 31.75, 34.02, 0, 180],
		[124, "R16_2", 2075.34, 2660, "B", "SMD", "$3N1058", "", "R", 31.75, 34.02, 0, 180],
		[125, "R17_1", 2150.6, 2760.81, "B", "SMD", "RESET#", "", "R", 31.75, 34.02, 0, 180],
		[126, "R17_2", 2091.28, 2760.81, "B", "SMD", "$3N1061", "", "R", 31.75, 34.02, 0, 180],
		[127, "R18_1", 2150.6, 2853.51, "B", "SMD", "TCK/SWCLK", "", "R", 31.75, 34.02, 0, 180],
		[128, "R18_2", 2091.28, 2853.51, "B", "SMD", "$3N1065", "", "R", 31.75, 34.02, 0, 180],
		[129, "R19_1", 2149.66, 2955, "B", "SMD", "TMS/SWDIO", "", "R", 31.75, 34.02, 0, 180],
		[130, "R19_2", 2090.34, 2955, "B", "SMD", "$3N1094", "", "R", 31.75, 34.02, 0, 180],
		[131, "R20_1", 2150.6, 3048.91, "B", "SMD", "TDO/SWO", "", "R", 31.75, 34.02, 0, 180],
		[132, "R20_2", 2091.28, 3048.91, "B", "SMD", "$3N1097", "", "R", 31.75, 34.02, 0, 180],
		[133, "R21_1", 2130.6, 3161.61, "B", "SMD", "BOOT0", "", "R", 31.75, 34.02, 0, 180],
		[134, "R21_2", 2071.28, 3161.61, "B", "SMD", "$3N1126", "", "R", 31.75, 34.02, 0, 180],
		[135, "R27_1", 2081.23, 3049.21, "T", "SMD", "GND", "GND", "R", 31.75, 34.02, 0, 180],
		[136, "R27_2", 2021.91, 3049.21, "T", "SMD", "$1N5968", "", "R", 31.75, 34.02, 0, 180],
		[137, "TP1_1", 2679.27, 2697.7, "T", "SMD", "$2N23973", "", "C", 19.68, 19.68, 0, 0],
		[138, "U4_1", 2643.58, 3334.92, "B", "SMD", "$1N5489", "", "R", 74.8, 35.43, 0, 90],
		[139, "U4_2", 2584.53, 3334.92, "B", "SMD", "VBAT", "", "R", 74.8, 35.43, 0, 90],
		[140, "U4_3", 2525.47, 3334.92, "B", "SMD", "+3V3", "", "R", 74.8, 35.43, 0, 90],
		[141, "U4_4", 2466.42, 3334.92, "B", "SMD", "+3V3", "", "R", 74.8, 35.43, 0, 90],
		[142, "U4_5", 2555, 3575.08, "B", "SMD", "GND", "GND", "R", 125.98, 74.8, 0, 0],
		[143, "U5_1", 2011.96, 3136.34, "T", "SMD", "5V_USB_CHGR", "", "O", 11.02, 63.78, 0, 0],
		[144, "U5_2", 2031.65, 3136.34, "T", "SMD", "$1N5968", "", "O", 11.02, 63.78, 0, 0],
		[145, "U5_3", 2051.33, 3136.34, "T", "SMD", "GND", "GND", "O", 11.02, 63.78, 0, 0],
		[146, "U5_4", 2071.02, 3136.34, "T", "SMD", "$1N5967", "", "O", 11.02, 63.78, 0, 0],
		[147, "U5_5", 2090.7, 3136.34, "T", "SMD", "U5_5", "", "O", 11.02, 63.78, 0, 0],
		[148, "U5_6", 2090.7, 3302.48, "T", "SMD", "U5_6", "", "O", 11.02, 63.78, 0, 0],
		[149, "U5_7", 2071.02, 3302.48, "T", "SMD", "GND", "GND", "O", 11.02, 63.78, 0, 0],
		[150, "U5_8", 2051.33, 3302.48, "T", "SMD", "$1N5973", "", "O", 11.02, 63.78, 0, 0],
		[151, "U5_9", 2031.65, 3302.48, "T", "SMD", "$1N5969", "", "O", 11.02, 63.78, 0, 0],
		[152, "U5_10", 2011.96, 3302.48, "T", "SMD", "VBAT", "", "O", 11.02, 63.78, 0, 0],
		[153, "U5_11", 2051.33, 3219.41, "T", "SMD", "GND", "GND", "R", 82.68, 72.05, 0, 0],
		[154, "U8_1", 2484.4, 3069.91, "B", "SMD", "$3N14921", "", "R", 55.12, 27.56, 0, 180],
		[155, "U8_2", 2484.4, 3026.6, "B", "SMD", "$3N14931", "", "R", 55.12, 27.56, 0, 180],
		[156, "U8_3", 2484.4, 2983.29, "B", "SMD", "$3N14926", "", "R", 55.12, 27.56, 0, 180],
		[157, "U8_4", 2484.4, 2939.99, "B", "SMD", "+3V3", "", "R", 55.12, 27.56, 0, 180],
		[158, "U8_5", 2484.4, 2896.68, "B", "SMD", "$3N16235", "", "R", 55.12, 27.56, 0, 180],
		[159, "U8_6", 2484.4, 2853.37, "B", "SMD", "GND", "GND", "R", 55.12, 27.56, 0, 180],
		[160, "U8_7", 2484.4, 2810.07, "B", "SMD", "$3N15872", "", "R", 55.12, 27.56, 0, 180],
		[161, "U8_8", 2484.4, 2766.76, "B", "SMD", "$3N15878", "", "R", 55.12, 27.56, 0, 180],
		[162, "U8_9", 2815.1, 2699.83, "B", "SMD", "USD_DETECT", "", "R", 47.24, 31.5, 0, 270],
		[163, "U8_10", 2480.46, 2729.36, "B", "SMD", "GND", "GND", "R", 47.24, 27.56, 0, 180],
		[164, "U8_11", 2484.4, 3144.71, "B", "SMD", "U8_11", "", "R", 55.12, 39.37, 0, 180],
		[165, "U8_12", 2649.75, 2699.83, "B", "SMD", "U8_12", "", "R", 47.24, 47.24, 0, 180],
		[166, "U8_13", 3035.58, 2699.83, "B", "SMD", "U8_13", "", "R", 125.98, 47.24, 0, 180],
		[167, "U8_14", 3074.95, 3223.45, "B", "SMD", "U8_14", "", "R", 74.8, 59.05, 0, 180],
		[168, "U8_15", 3102.51, 3184.08, "B", "SMD", "U8_15", "", "R", 19.68, 19.68, 0, 180],
		[169, "U10_1", 2338.18, 2713.39, "T", "SMD", "+3V3", "", "O", 11.81, 78.74, 0, 0],
		[170, "U10_2", 2357.87, 2713.39, "T", "SMD", "U10_2", "", "O", 11.81, 78.74, 0, 0],
		[171, "U10_3", 2377.55, 2713.39, "T", "SMD", "OSC32_IN", "", "O", 11.81, 78.74, 0, 0],
		[172, "U10_4", 2397.24, 2713.39, "T", "SMD", "OSC32_OUT", "", "O", 11.81, 78.74, 0, 0],
		[173, "U10_5", 2416.92, 2713.39, "T", "SMD", "OSC_25M", "", "O", 11.81, 78.74, 0, 0],
		[174, "U10_6", 2436.61, 2713.39, "T", "SMD", "U10_6", "", "O", 11.81, 78.74, 0, 0],
		[175, "U10_7", 2456.29, 2713.39, "T", "SMD", "RESET#", "", "O", 11.81, 78.74, 0, 0],
		[176, "U10_8", 2475.98, 2713.39, "T", "SMD", "PLUS_BTN", "", "O", 11.81, 78.74, 0, 0],
		[177, "U10_9", 2495.66, 2713.39, "T", "SMD", "SET_BTN", "", "O", 11.81, 78.74, 0, 0],
		[178, "U10_10", 2515.35, 2713.39, "T", "SMD", "MINUS_BTN", "", "O", 11.81, 78.74, 0, 0],
		[179, "U10_11", 2535.03, 2713.39, "T", "SMD", "U10_11", "", "O", 11.81, 78.74, 0, 0],
		[180, "U10_12", 2554.72, 2713.39, "T", "SMD", "GND", "GND", "O", 11.81, 78.74, 0, 0],
		[181, "U10_13", 2574.4, 2713.39, "T", "SMD", "VDDA", "", "O", 11.81, 78.74, 0, 0],
		[182, "U10_14", 2594.09, 2713.39, "T", "SMD", "ADC1_IN16", "", "O", 11.81, 78.74, 0, 0],
		[183, "U10_15", 2613.77, 2713.39, "T", "SMD", "U10_15", "", "O", 11.81, 78.74, 0, 0],
		[184, "U10_16", 2633.46, 2713.39, "T", "SMD", "$2N23973", "", "O", 11.81, 78.74, 0, 0],
		[185, "U10_17", 2712.19, 2792.12, "T", "SMD", "U10_17", "", "O", 78.74, 11.81, 0, 0],
		[186, "U10_18", 2712.19, 2811.81, "T", "SMD", "GND", "GND", "O", 78.74, 11.81, 0, 0],
		[187, "U10_19", 2712.19, 2831.49, "T", "SMD", "+3V3", "", "O", 78.74, 11.81, 0, 0],
		[188, "U10_20", 2712.19, 2851.18, "T", "SMD", "U10_20", "", "O", 78.74, 11.81, 0, 0],
		[189, "U10_21", 2712.19, 2870.86, "T", "SMD", "SPI1_SCK", "", "O", 78.74, 11.81, 0, 0],
		[190, "U10_22", 2712.19, 2890.55, "T", "SMD", "U10_22", "", "O", 78.74, 11.81, 0, 0],
		[191, "U10_23", 2712.19, 2910.23, "T", "SMD", "SPI1_MOSI", "", "O", 78.74, 11.81, 0, 0],
		[192, "U10_24", 2712.19, 2929.92, "T", "SMD", "U10_24", "", "O", 78.74, 11.81, 0, 0],
		[193, "U10_25", 2712.19, 2949.6, "T", "SMD", "U10_25", "", "O", 78.74, 11.81, 0, 0],
		[194, "U10_26", 2712.19, 2969.29, "T", "SMD", "GC9A01_CS", "", "O", 78.74, 11.81, 0, 0],
		[195, "U10_27", 2712.19, 2988.97, "T", "SMD", "GC9A01_DC", "", "O", 78.74, 11.81, 0, 0],
		[196, "U10_28", 2712.19, 3008.66, "T", "SMD", "GC9A01_RST", "", "O", 78.74, 11.81, 0, 0],
		[197, "U10_29", 2712.19, 3028.34, "T", "SMD", "GC9A01_BL", "", "O", 78.74, 11.81, 0, 0],
		[198, "U10_30", 2712.19, 3048.03, "T", "SMD", "VCAP", "", "O", 78.74, 11.81, 0, 0],
		[199, "U10_31", 2712.19, 3067.71, "T", "SMD", "GND", "GND", "O", 78.74, 11.81, 0, 0],
		[200, "U10_32", 2712.19, 3087.4, "T", "SMD", "+3V3", "", "O", 78.74, 11.81, 0, 0],
		[201, "U10_33", 2633.46, 3166.13, "T", "SMD", "U10_33", "", "O", 11.81, 78.74, 0, 0],
		[202, "U10_34", 2613.77, 3166.13, "T", "SMD", "SDIO1_D0", "", "O", 11.81, 78.74, 0, 0],
		[203, "U10_35", 2594.09, 3166.13, "T", "SMD", "U10_35", "", "O", 11.81, 78.74, 0, 0],
		[204, "U10_36", 2574.4, 3166.13, "T", "SMD", "U10_36", "", "O", 11.81, 78.74, 0, 0],
		[205, "U10_37", 2554.72, 3166.13, "T", "SMD", "U10_37", "", "O", 11.81, 78.74, 0, 0],
		[206, "U10_38", 2535.03, 3166.13, "T", "SMD", "U10_38", "", "O", 11.81, 78.74, 0, 0],
		[207, "U10_39", 2515.35, 3166.13, "T", "SMD", "SDIO1_D1", "", "O", 11.81, 78.74, 0, 0],
		[208, "U10_40", 2495.66, 3166.13, "T", "SMD", "U10_40", "", "O", 11.81, 78.74, 0, 0],
		[209, "U10_41", 2475.98, 3166.13, "T", "SMD", "U10_41", "", "O", 11.81, 78.74, 0, 0],
		[210, "U10_42", 2456.29, 3166.13, "T", "SMD", "U10_42", "", "O", 11.81, 78.74, 0, 0],
		[211, "U10_43", 2436.61, 3166.13, "T", "SMD", "U10_43", "", "O", 11.81, 78.74, 0, 0],
		[212, "U10_44", 2416.92, 3166.13, "T", "SMD", "USD_DETECT", "", "O", 11.81, 78.74, 0, 0],
		[213, "U10_45", 2397.24, 3166.13, "T", "SMD", "TMS/SWDIO", "", "O", 11.81, 78.74, 0, 0],
		[214, "U10_46", 2377.55, 3166.13, "T", "SMD", "VCAP", "", "O", 11.81, 78.74, 0, 0],
		[215, "U10_47", 2357.87, 3166.13, "T", "SMD", "GND", "GND", "O", 11.81, 78.74, 0, 0],
		[216, "U10_48", 2338.18, 3166.13, "T", "SMD", "+3V3", "", "O", 11.81, 78.74, 0, 0],
		[217, "U10_49", 2259.45, 3087.4, "T", "SMD", "TCK/SWCLK", "", "O", 78.74, 11.81, 0, 0],
		[218, "U10_50", 2259.45, 3067.71, "T", "SMD", "U10_50", "", "O", 78.74, 11.81, 0, 0],
		[219, "U10_51", 2259.45, 3048.03, "T", "SMD", "SDIO1_D2", "", "O", 78.74, 11.81, 0, 0],
		[220, "U10_52", 2259.45, 3028.34, "T", "SMD", "SDIO1_D3", "", "O", 78.74, 11.81, 0, 0],
		[221, "U10_53", 2259.45, 3008.66, "T", "SMD", "SDIO1_CLK", "", "O", 78.74, 11.81, 0, 0],
		[222, "U10_54", 2259.45, 2988.97, "T", "SMD", "SDIO1_CMD", "", "O", 78.74, 11.81, 0, 0],
		[223, "U10_55", 2259.45, 2969.29, "T", "SMD", "TDO/SWO", "", "O", 78.74, 11.81, 0, 0],
		[224, "U10_56", 2259.45, 2949.6, "T", "SMD", "U10_56", "", "O", 78.74, 11.81, 0, 0],
		[225, "U10_57", 2259.45, 2929.92, "T", "SMD", "U10_57", "", "O", 78.74, 11.81, 0, 0],
		[226, "U10_58", 2259.45, 2910.23, "T", "SMD", "U10_58", "", "O", 78.74, 11.81, 0, 0],
		[227, "U10_59", 2259.45, 2890.55, "T", "SMD", "U10_59", "", "O", 78.74, 11.81, 0, 0],
		[228, "U10_60", 2259.45, 2870.86, "T", "SMD", "BOOT0", "", "O", 78.74, 11.81, 0, 0],
		[229, "U10_61", 2259.45, 2851.18, "T", "SMD", "U10_61", "", "O", 78.74, 11.81, 0, 0],
		[230, "U10_62", 2259.45, 2831.49, "T", "SMD", "U10_62", "", "O", 78.74, 11.81, 0, 0],
		[231, "U10_63", 2259.45, 2811.81, "T", "SMD", "GND", "GND", "O", 78.74, 11.81, 0, 0],
		[232, "U10_64", 2259.45, 2792.12, "T", "SMD", "+3V3", "", "O", 78.74, 11.81, 0, 0],
		[233, "U12_1", 2366.53, 2872.04, "B", "SMD", "USD_DETECT", "", "R", 7.87, 15.75, 0, 90],
		[234, "U12_2", 2366.53, 2887.79, "B", "SMD", "U12_2", "", "R", 7.87, 15.75, 0, 90],
		[235, "U12_3", 2366.53, 2903.54, "B", "SMD", "SDIO1_D2", "", "R", 7.87, 15.75, 0, 90],
		[236, "U12_4", 2366.53, 2919.29, "B", "SMD", "SDIO1_D3", "", "R", 7.87, 15.75, 0, 90],
		[237, "U12_5", 2366.53, 2935.03, "B", "SMD", "SDIO1_CMD", "", "R", 7.87, 15.75, 0, 90],
		[238, "U12_6", 2366.53, 2950.78, "B", "SMD", "SDIO1_CLK", "", "R", 7.87, 15.75, 0, 90],
		[239, "U12_7", 2366.53, 2966.53, "B", "SMD", "SDIO1_D0", "", "R", 7.87, 15.75, 0, 90],
		[240, "U12_8", 2366.53, 2982.28, "B", "SMD", "SDIO1_D1", "", "R", 7.87, 15.75, 0, 90],
		[241, "U12_9", 2390.15, 2996.06, "B", "SMD", "GND", "GND", "R", 15.75, 9.84, 0, 0],
		[242, "U12_10", 2413.77, 2982.28, "B", "SMD", "$3N15878", "", "R", 7.87, 15.75, 0, 90],
		[243, "U12_11", 2413.77, 2966.53, "B", "SMD", "$3N15872", "", "R", 7.87, 15.75, 0, 90],
		[244, "U12_12", 2413.77, 2950.78, "B", "SMD", "$3N16235", "", "R", 7.87, 15.75, 0, 90],
		[245, "U12_13", 2413.77, 2935.03, "B", "SMD", "$3N14926", "", "R", 7.87, 15.75, 0, 90],
		[246, "U12_14", 2413.77, 2919.29, "B", "SMD", "$3N14931", "", "R", 7.87, 15.75, 0, 90],
		[247, "U12_15", 2413.77, 2903.54, "B", "SMD", "$3N14921", "", "R", 7.87, 15.75, 0, 90],
		[248, "U12_16", 2413.77, 2887.79, "B", "SMD", "+3V3", "", "R", 7.87, 15.75, 0, 90],
		[249, "U12_17", 2413.77, 2872.04, "B", "SMD", "+3V3", "", "R", 7.87, 15.75, 0, 90],
		[250, "U12_18", 2390.15, 2858.26, "B", "SMD", "GND", "GND", "R", 15.75, 9.84, 0, 0],
		[251, "U12_19", 2390.15, 2927.16, "B", "SMD", "GND", "GND", "R", 110.24, 11.81, 0, 90],
		[252, "USB1_1", 1959.8, 2975.72, "T", "SMD", "5V_USB_CHGR", "", "R", 15.75, 53.15, 0, 270],
		[253, "USB1_2", 1959.8, 2950.12, "T", "SMD", "USB1_2", "", "R", 15.75, 53.15, 0, 270],
		[254, "USB1_3", 1959.8, 2924.52, "T", "SMD", "USB1_3", "", "R", 15.75, 53.15, 0, 270],
		[255, "USB1_4", 1959.8, 2898.92, "T", "SMD", "USB1_4", "", "R", 15.75, 53.15, 0, 270],
		[256, "USB1_5", 1959.8, 2873.32, "T", "SMD", "GND", "GND", "R", 15.75, 53.15, 0, 270],
		[257, "USB1_6", 1943.09, 2802.47, "T", "SMD", "GND", "GND", "R", 82.68, 62.99, 0, 270],
		[258, "USB1_6", 1943.09, 3046.57, "T", "SMD", "GND", "GND", "R", 82.68, 62.99, 0, 270],
		[259, "USB1_6", 1842.69, 2877.32, "T", "SMD", "GND", "GND", "R", 74.8, 74.8, 0, 270],
		[260, "USB1_6", 1842.69, 2971.72, "T", "SMD", "GND", "GND", "R", 74.8, 74.8, 0, 270],
		[261, "USB1_6", 1842.69, 2774.92, "T", "SMD", "GND", "GND", "R", 70.87, 74.8, 0, 270],
		[262, "USB1_6", 1842.69, 3074.12, "T", "SMD", "GND", "GND", "R", 70.87, 74.8, 0, 270],
		[263, "X1_1", 2322.06, 2542.56, "T", "SMD", "OSC32_IN", "", "R", 41.34, 66.93, 0, 0],
		[264, "X1_2", 2422.45, 2542.56, "T", "SMD", "OSC32_OUT", "", "R", 41.34, 66.93, 0, 0],
		[265, "X2_1", 2721.65, 2462.99, "T", "SMD", "$2N8217", "", "R", 47.24, 39.37, 0, 270],
		[266, "X2_2", 2721.65, 2514.17, "T", "SMD", "GND", "GND", "R", 47.24, 39.37, 0, 270],
		[267, "X2_3", 2654.72, 2514.17, "T", "SMD", "$2N8264", "", "R", 47.24, 39.37, 0, 270],
		[268, "X2_4", 2654.72, 2462.99, "T", "SMD", "+3V3", "", "R", 47.24, 39.37, 0, 270]
	]
}
}